text,label
comment|1
lần đầu mua giày trên đây còn đắn đo  sợ về bị lỗi các kiểu  mà lúc nhận đc hàng ưng ý lắm luôn ấy|1
chất lượng sản phẩm tốt  mua hãng này lâu r và thấy tin tưởng lắm  shop thân thiện  shipper giao hàng nhanh  đóng gói chắc chắn dc tặng quà kèm theo  sẽ ủng hộ lần tới  cám ơn shop nhe|1
giày xinh cực  có điều dây hơi ngắn giao hàng nhanh giá mua lúc giá đang sale nên hời|1
đóng gói sản phẩm rất đẹp và chắc chắn tuyệt vời  thời gian giao hàng rất nhanh  chất lượng sản phẩm tuyệt vời  rất đáng tiền  shop phục vụ rất tốt  mình rất thích sản phẩm của shop  mình sẽ ủng hộ nhiều nhiều  chất lượng sản phẩm tuyệt vời  mọi ng có thể dùng thử|1
shop giao hàng nhanh chóng  đóng gói kỹ càng  cẩn thận  sản phẩm của shop chất lượng khá tốt ngoài ra còn có nhiều quà tặng đi kèm cũng chất lượng  shop tư vấn nhiệt tình  nên mình mua hàng cảm thấy yên tâm và tin tưởng  cảm ơn shop về sp  sẽ ủng hộ shop nữa  😊😊😎😎😎|1
giày đẹp xuất sắc nha mọi người  giày rất dày dặn  không có chỉ thừa  đã đẹp còn rẻ  hộp hơi móp méo nhưng không ảnh hưởng tới giày là đc nha|1
hàng đẹp shop uy tính ae nên mua kllllllllll kkkkjjkjgiguvyvyvyvyvyvubuv|0
giá rẻ mà nhận được đôi đẹp quá  chất vải này nhìn sang và đẹp hơn hẳn cái loại da bóng bóng ý  đẹp giao nhanh rất thỏa mãn|1
mê lyyyyy   hàng shopee k ngờ đẹp vậy luôn á  đi storre chắc thét lên 600k mất @@|0
chất lượng sản phẩm tốt  mua hãng này lâu r và thấy tin tưởng lắm  shop thân thiện  shipper giao hàng nhanh  đóng gói chắc chắn dc tặng quà kèm theo  sẽ ủng hộ lần tới  cám ơn shop nhe|1
đã nhận được hàng rồi giày đẹp lắm đeo vừa chân đi êm không bị cứng hay đau chân gì cả  giao hàng nhanh đóng gói cẩn thận không bị móp méo j cả|1
ulatroi quá tuyệt vời luôn nhá giày rất đẹp còn được tặng thêm cả giây dày mỗi tội giao hàng hơi chậm chắc do dịch bệnh|0
giao hàng nhanh  shop gói hàng kĩ  có đồ giữ form giày  chất lượng khá ok|1
okkkkkkkkkkkkkkkkkkkkkkkkkkkk nên mua 👍👍👍👍👍👍👍👍💕😍😍😍😍😍😍😍😍😍😍😍😍😍😍😍😍😍|1
hàng rất đẹp rất tốt quá đẹp giao hàng cực nhanh quá đẹp 😂😂😂😂😂|1
|1
|1
|1
